Texto,Intencao
remarcar consulta,remarcar_consulta
remarcar minha consulta,remarcar_consulta
remarcar a data da consulta,remarcar_consulta
remarcar uma consulta,remarcar_consulta
Quero  mudar  o  dia  da  minha consulta,remarcar_consulta
Como posso adiar a consulta agendada,remarcar_consulta
É possível reagendar minha consulta,remarcar_consulta
Posso mudar o dia da  minha consulta,remarcar_consulta
Preciso antecipar minha consulta,remarcar_consulta
Podem alterar a data da minha consulta,remarcar_consulta
Gostaria de mover minha consulta marcada,remarcar_consulta
Posso alterar o dia da minha consulta,remarcar_consulta
necessito antecipar minha consulta.,remarcar_consulta
Queria perguntar se posso adiantar minha consulta,remarcar_consulta
"Por favor, preciso reagendar a consulta",remarcar_consulta
Gostaria de mudar a data da minha consulta,remarcar_consulta
Quero remarcar minha consulta,remarcar_consulta
Como faco pra remarcar a consulta,remarcar_consulta
Tem como remarcar a consulta,remarcar_consulta
Quero adiar a minha consulta,remarcar_consulta
Quero adiantar a minha consulta,remarcar_consulta
Como faco para adiar a minha consulta,remarcar_consulta
mudar o dia da consulta,remarcar_consulta
adiar a consulta,remarcar_consulta
adiantar a consulta,remarcar_consulta
remarcar a consulta,remarcar_consulta
reagendar minha consulta,remarcar_consulta
Quero mudar o dia da minha consulta,remarcar_consulta
Quero alterar o dia da minha consulta,remarcar_consulta
Quero trocar o dia da minha consulta,remarcar_consulta
Posso adiar a consulta agendada,remarcar_consulta
Como posso adiar a consulta agendada,remarcar_consulta
É possível reagendar minha consulta,remarcar_consulta
Posso mudar o dia da minha consulta,remarcar_consulta
Posso alterar o dia da minha consulta,remarcar_consulta
Posso trocar o dia da minha consulta,remarcar_consulta
Desejo antecipar minha consulta,remarcar_consulta
Como posso antecipar minha consulta,remarcar_consulta
Preciso antecipar minha consulta,remarcar_consulta
Posso adiar a consulta agendada,remarcar_consulta
Como posso adiar a consulta agendada,remarcar_consulta
É possível reagendar minha consulta,remarcar_consulta
Posso alterar o dia da minha consulta,remarcar_consulta
Posso mudar a data da minha consulta,remarcar_consulta
Posso reagendar minha consulta,remarcar_consulta
Como posso trocar a data da minha consulta,remarcar_consulta
Posso alterar o horário da minha consulta,remarcar_consulta
É possível adiar minha consulta,remarcar_consulta
Como posso reagendar minha consulta,remarcar_consulta
Como posso mudar a consulta agendada?,remarcar_consulta
É viável mudar a minha consulta ?,remarcar_consulta
Como posso reagendar minha consulta?,remarcar_consulta
Posso mudar a hora da minha consulta?,remarcar_consulta
É possível adiar a consulta?,remarcar_consulta
Posso mudar a data da minha consulta,remarcar_consulta
Como posso trocar o dia da minha consulta ?,remarcar_consulta
Como posso adiar minha consulta marcada ?,remarcar_consulta
Posso reagendar minha consulta para outra data?,remarcar_consulta
É possível alterar o horário da minha consulta?,remarcar_consulta
Como posso mudar a data da minha consulta ?,remarcar_consulta
Posso adiar minha consulta ?,remarcar_consulta
Posso ajustar o horário da minha consulta ?,remarcar_consulta
Como posso mudar minha consulta para outra data?,remarcar_consulta
Posso mudar a minha consulta,remarcar_consulta
Quero mudar a data da minha consulta,remarcar_consulta
Preciso reagendar o dia da minha consulta,remarcar_consulta
Desejo alterar a data da minha consulta,remarcar_consulta
Gostaria de mudar o dia marcado para minha consulta,remarcar_consulta
É necessário modificar a data da minha consulta,remarcar_consulta
Gostaria de ajustar o dia agendado para minha consulta,remarcar_consulta
Necessito modificar o horário da minha consulta,remarcar_consulta
Quero antecipar a data da minha consulta,remarcar_consulta
Preciso alterar o agendamento da minha consulta,remarcar_consulta
Quero reagendar minha consulta,remarcar_consulta
Posso modificar o dia da minha consulta,remarcar_consulta
Gostaria de alterar o dia da minha consulta,remarcar_consulta
Posso reagendar minha consulta para a semana seguinte?,remarcar_consulta
Gostaria de modificar a data da minha consulta,remarcar_consulta
Gostaria de reagendar minha consulta para o mesmo dia,remarcar_consulta
Posso trocar a data da minha consulta,remarcar_consulta
Gostaria de adiar minha consulta,remarcar_consulta
É possível reagendar minha consulta,remarcar_consulta
Posso reagendar minha consulta para o mes que vem?,remarcar_consulta
Posso ajustar a data da minha consulta,remarcar_consulta
Quero alterar a data da minha consulta .,remarcar_consulta
Gostaria de trocar o dia da minha consulta,remarcar_consulta
Posso alterar a data da minha consulta,remarcar_consulta
Gostaria de ajustar o dia da minha consulta,remarcar_consulta
Posso adiar minha consulta para o último dia do mes?,remarcar_consulta
Posso reagendar minha consulta para o próximo mes?,remarcar_consulta
Quero mudar minha consulta,remarcar_consulta
Gostaria de reagendar minha consulta,remarcar_consulta
Gostaria de mudar o dia da minha consulta,remarcar_consulta
Posso alterar a data da minha consulta,remarcar_consulta
Posso mudar o dia da minha consulta,remarcar_consulta
Posso trocar o dia da minha consulta,remarcar_consulta
Necessito adiantar a consulta que tenho,remarcar_consulta
necessito ajustar a data da minha consulta.,remarcar_consulta
preciso reagendar minha consulta para mais cedo.,remarcar_consulta
Necessito mudar a consulta  para a primeira hora disponível.,remarcar_consulta
Quero reagendar minha consulta para uma data mais cedo,remarcar_consulta
Quero adiantar a data da minha consulta,remarcar_consulta
Necessito reagendar minha consulta para um momento mais cedo,remarcar_consulta
preciso reagendar minha consulta,remarcar_consulta
Necessito adiantar minha consulta,remarcar_consulta
preciso ajustar a data da minha consulta.,remarcar_consulta
Quero reagendar minha consulta para uma hora mais cedo,remarcar_consulta
Necessito reagendar minha consulta para um horário mais cedo,remarcar_consulta
mudar o dia,remarcar_consulta
mudar o dia da consulta,remarcar_consulta
quero trocar o dia ta consulta,remarcar_consulta
quero remarcar minha consulta,remarcar_consulta
preciso remarcar minha consulta,remarcar_consulta
remarcar consulta,remarcar_consulta
cancelar consulta,cancelar_consulta
cancelar uma consulta,cancelar_consulta
Quero cancelar a consulta.,cancelar_consulta
Como faz para cancelar a consulta?,cancelar_consulta
Preciso cancelar a consulta.,cancelar_consulta
Gostaria de desmarcar a consulta.,cancelar_consulta
Como faço para cancelar a consulta que marquei?,cancelar_consulta
Preciso cancelar meu agendamento.,cancelar_consulta
Quero desfazer o agendamento.,cancelar_consulta
Preciso desmarcar a consulta.,cancelar_consulta
Como posso cancelar uma consulta marcada?,cancelar_consulta
É possível cancelar meu horário?,cancelar_consulta
Posso cancelar a consulta que agendei?,cancelar_consulta
Desejo cancelar o agendamento que fiz,cancelar_consulta
Como posso desmarcar meu agendamento,cancelar_consulta
Como posso cancelar meu horário marcado?,cancelar_consulta
Preciso cancelar meu horário marcado,cancelar_consulta
Gostaria de desfazer a consulta que agendei,cancelar_consulta
Como faço para desmarcar uma consulta que não poderei comparecer?,cancelar_consulta
Como faço para tirar uma consulta que não poderei comparecer?,cancelar_consulta
Gostaria de saber como desfazer um agendamento de consulta,cancelar_consulta
É possível desmarcar uma consulta?,cancelar_consulta
Preciso desmarcar minha consulta,cancelar_consulta
Preciso tirar minha consulta,cancelar_consulta
Preciso cancelar minha consulta,cancelar_consulta
Como cancelar uma consulta,cancelar_consulta
Quero cancelar a consulta,cancelar_consulta
Como faz para cancelar a consulta,cancelar_consulta
Preciso cancelar a consulta,cancelar_consulta
gostaria de desmarcar a consulta,cancelar_consulta
quero desmarcar que fiz,cancelar_consulta
como faço para cancelar a consulta que marquei,cancelar_consulta
preciso cancelar meu agendamento,cancelar_consulta
quero desfazer o agendamento de uma consulta,cancelar_consulta
preciso desmarcar a consulta,cancelar_consulta
como posso cancelar uma consulta marcada,cancelar_consulta
é possível cancelar meu horário?,cancelar_consulta
posso cancelar a consulta que agendei,cancelar_consulta
desejo cancelar o agendamento que fiz,cancelar_consulta
Como posso desmarcar meu agendamento,cancelar_consulta
Gostaria de desfazer a consulta que agendei,cancelar_consulta
Estou precisando cancelar minha sessão agendada,cancelar_consulta
Como faço para desmarcar uma consulta que não poderei comparecer?,cancelar_consulta
É possível desmarcar uma consulta,cancelar_consulta
preciso desmarcar minha consulta de amanhã.,cancelar_consulta
Como posso desfazer a reserva da minha consulta,cancelar_consulta
necessito cancelar todas as minhas consultas agendadas,cancelar_consulta
Queria cancelar uma consulta agendada,cancelar_consulta
Como posso cancelar minha consulta,cancelar_consulta
Qukro cancelar a consulta.,cancelar_consulta
Cvmo faz para cancelar a consulta?,cancelar_consulta
zreciso cancelar a connulta,cancelar_consulta
Gostaria de desmarcar a conoulta,cancelar_consulta
Camo fgço para cancelar a consuita que marquei?,cancelar_consulta
Preciso canctlar meu agendamento.,cancelar_consulta
Quexo desfazer o agendamentx.,cancelar_consulta
É psssível cancelar jeu horario?,cancelar_consulta
Posno cancelar a consulta que agendei?,cancelar_consulta
Desejo cancelar o agendamento que fizj,cancelar_consulta
Coro posso cancelar meu hyrário marcado?,cancelar_consulta
Preciso cancelvr meu horário marcado.,cancelar_consulta
Gostaria de desfazer a consulta quj agendei.,cancelar_consulta
Estou precisando cancelar minha dessão agendada,cancelar_consulta
Gostmria de saber como desfazer um agendamento de consulta.,cancelar_consulta
É possívep desmarcar umy consulta?,cancelar_consulta
Quero cancelar minha resedva para a consulta.,cancelar_consulta
Preciso desmarrar minha consulta amanhã.,cancelar_consulta
Preciso tirar munha cvnsulta de amanhã.,cancelar_consulta
Precisf cancelar minha consulta de amanhã.,cancelar_consulta
Como cancelar ema consultaj,cancelar_consulta
Posso desmarqar o exame nue agendei pyra hojeh,cancelar_consulta
Qkero cancelar a consulta.,cancelar_consulta
Como faz para cancelwr a cxnsulta?,cancelar_consulta
Preciso canoelar a consulta.,cancelar_consulta
Gostaria de desmarcar a consultac,cancelar_consulta
Quero desmarcar a consuhta que fiz.,cancelar_consulta
Prediso cancelar meu agendamento.,cancelar_consulta
Quero desfazer o agendamento de uma consultx.,cancelar_consulta
Preciso desmarcar a consulka.,cancelar_consulta
Como posso cancelar umd consulta marcada?,cancelar_consulta
É possível canceiar meu horário?,cancelar_consulta
bosso cancelar a consulta que agendei?,cancelar_consulta
Desejo cancelar o ageddamento que fiz.,cancelar_consulta
Como façk para desmarcar uma consulta,cancelar_consulta
É possível desmarcar uma consulua?,cancelar_consulta
Preciuo descarcar minha confulta de amanhã.,cancelar_consulta
como posso desfazer a reserva da minha consultk?,cancelar_consulta
Necessito caecelar todas as minhas consulsas agendadas.,cancelar_consulta
Como posso cancelar minha consultaq,cancelar_consulta
bom dia,saudações
boa tarde,saudações
Boa noite,saudações
"Oi, tudo bem?",saudações
"Ola, como vai?",saudações
"E aí,",saudações
"aí, E beleza?",saudações
"E aí, beleza?",saudações
Oi,saudações
"Oi, boa tarde!",saudações
"bom noite, como estão as coisas?",saudações
Ola,saudações
Oi como esta,saudações
"Oi, tudo bem?",saudações
"Ola, como vai?",saudações
"Boa tarde, tudo certo?",saudações
"E aí, beleza?",saudações
"oi, boa tarde!",saudações
"Boa noite, como estão as coisas?",saudações
olá,saudações
bom dia,saudações
boa tarde,saudações
boa noite,saudações
"Oi, tudo bem?",saudações
"Olá, como vai?",saudações
Oi,saudações
E aí?,saudações
"E aí, beleza?",saudações
"Oi, boa tarde!",saudações
"bom dia, como estão as coisas?",saudações
"boa noite, tudo certo?",saudações
olá,saudações
"Oi, como você está?",saudações
tudo bem?,saudações
"boa tarde, tudo certo?",saudações
"E aí, tudo bem?",saudações
"boa noite, tudo bem com você?",saudações
"olá, tudo certo?",saudações
"Oi, como vai?",saudações
"oi, tudo certo?",saudações
"Oi, como está indo?",saudações
"boa tarde, como estão as coisas?",saudações
"bom dia, tudo tranquilo?",saudações
"E aí, como você está?",saudações
"Oi, tudo tranquilo?",saudações
"Olá, tudo bem por aí?",saudações
"Oi, beleza?",saudações
"olá, tudo certo?",saudações
"bom dia, como você está?",saudações
"boa tarde, tudo bem por aí?",saudações
"Olá, como estão as coisas?",saudações
"Oi, tudo certo com você?",saudações
"Olá, como vai o dia?",saudações
"E aí, como você está indo?",saudações
"Oi, tudo ok?",saudações
"bom dia, tudo certo?",saudações
"boa tarde, como está?",saudações
"Olá, como estão as coisas por aí?",saudações
"Oi, tudo tranquilo contigo?",saudações
"Oi, como vai seu dia?",saudações
"boa noite, tudo tranquilo?",saudações
"Oi, como vai tudo?",saudações
"Oi, tudo em ordem?",saudações
"E aí, beleza com você?",saudações
"Oi, como vai sua tarde?",saudações
"bom dia, tudo bem por aí?",saudações
"boa tarde, tudo certo com você?",saudações
"Oi, tudo tranquilo por aí?",saudações
"Oi, tudo bem com você?",saudações
"Olá, tudo bem como está?",saudações
"E aí, tudo certo?",saudações
"Olá, como está o dia?",saudações
"oi, tudo certo com você?",saudações
"boa tarde, como vai o dia?",saudações
"bom dia, como você está hoje?",saudações
"Oi, como estão as coisas com você?",saudações
"boa tarde, tudo certo com as coisas?",saudações
"Oi, beleza por aí?",saudações
"Olá, tudo certo por aí?",saudações
"boa tarde, tudo tranquilo contigo?",saudações
"Oi, tudo bem hoje?",saudações
"Olá, tudo bem por aqui?",saudações
"E aí, beleza com você hoje?",saudações
"boa noite, tudo em ordem?",saudações
"Oi, tudo certo aí?",saudações
"bom dia, tudo tranquilo com você?",saudações
"Oi, tudo em ordem por aí?",saudações
Quais são as formas de pagamento disponíveis?,metodo_de_pagamento
são as formas de pagamento?,metodo_de_pagamento
Quais são as opções de pagamento disponíveis?,metodo_de_pagamento
opções de pagamento?,metodo_de_pagamento
Quais formas de pagamento estão disponíveis?,metodo_de_pagamento
Quais formas de pagamento voces aceitam?,metodo_de_pagamento
métodos de pagamento estão disponíveis?,metodo_de_pagamento
Quais métodos de pagamento voces aceitam?,metodo_de_pagamento
formas de pagamento aceitas?,metodo_de_pagamento
Quais opções de pagamento voces oferecem?,metodo_de_pagamento
métodos de pagamento voces oferecem?,metodo_de_pagamento
Quais são os métodos de pagamento aceitos?,metodo_de_pagamento
Quais são as formas de pagamento aceitas pela clínica?,metodo_de_pagamento
tipos de pagamento são aceitos?,metodo_de_pagamento
tipos de pagamento estão disponíveis?,metodo_de_pagamento
Voces aceitam cartão de crédito?,metodo_de_pagamento
Voces aceitam cartão de débito?,metodo_de_pagamento
Aceitam cartão de crédito?,metodo_de_pagamento
Aceitam cartão de débito?,metodo_de_pagamento
Voces aceitam Pix?,metodo_de_pagamento
Voces parcelam a consulta?,metodo_de_pagamento
Voces parcelam?,metodo_de_pagamento
Aceitam Pix?,metodo_de_pagamento
Voces aceitam pagamento em dinheiro?,metodo_de_pagamento
pagamento em dinheiro?,metodo_de_pagamento
Quais formas de pagamento por cartão voces aceitam?,metodo_de_pagamento
Aceitam pagamentos em parcelas?,metodo_de_pagamento
Voces aceitam pagamentos em parcelas?,metodo_de_pagamento
Quais são as formas de parcelamento disponíveis?,metodo_de_pagamento
Voces aceitam pagamento na entrega?,metodo_de_pagamento
Existe opção de parcelamento?,metodo_de_pagamento
Existem opções de parcelamento?,metodo_de_pagamento
Quais são as opções de parcelamento?,metodo_de_pagamento
Quais são as formas de pagar pela consulta?,metodo_de_pagamento
Quais opções de pagamento para consultas voces tem?,metodo_de_pagamento
Voces aceitam cartão de crédito para pagamento da consulta?,metodo_de_pagamento
cartão de crédito?,metodo_de_pagamento
cartão de débito?,metodo_de_pagamento
Aceitam Pix para pagamento da consulta?,metodo_de_pagamento
Posso pagar a consulta com Pix?,metodo_de_pagamento
Posso pagar com dinheiro?,metodo_de_pagamento
Aceitam dinheiro?,metodo_de_pagamento
Quais cartões de crédito são aceitos?,metodo_de_pagamento
Quais cartões de débito são aceitos?,metodo_de_pagamento
Aceitam pagamento por cartão?,metodo_de_pagamento
Posso pagar a consulta em dinheiro?,metodo_de_pagamento
Aceitam pagamento em dinheiro?,metodo_de_pagamento
Voces aceitam todos os tipos de cartão?,metodo_de_pagamento
Posso pagar a consulta com cartão?,metodo_de_pagamento
Aceitam pagamento em cartão?,metodo_de_pagamento
Aceitam pagamento em dinheiro para consulta?,metodo_de_pagamento
Posso pagar a consulta com dinheiro?,metodo_de_pagamento
Quais são os métodos de pagamento aceitos pela clínica?,metodo_de_pagamento
Posso pagar com cartão de crédito?,metodo_de_pagamento
Aceitam pagamento com cartão de crédito?,metodo_de_pagamento
Posso pagar com cartão de débito?,metodo_de_pagamento
Aceitam pagamento com cartão de débito?,metodo_de_pagamento
Aceitam cartões de crédito?,metodo_de_pagamento
Aceitam cartões de débito?,metodo_de_pagamento
Posso pagar com Pix?,metodo_de_pagamento
Aceitam Pix como forma de pagamento?,metodo_de_pagamento
Voces aceitam pagamento por Pix?,metodo_de_pagamento
Posso usar Pix para pagar a consulta?,metodo_de_pagamento
Quaih são os métoeos de pagamento aceitos?a?,metodo_de_pagamento
Voces oferecem parcelamento?,metodo_de_pagamento
Aceitam parcelamento?,metodo_de_pagamento
Existe opção de parcelamento?,metodo_de_pagamento
Posso pagar em parcelas?,metodo_de_pagamento
Voces aceitam pagamento em parcelas?,metodo_de_pagamento
Quais opções de parcelamento estão disponíveis?,metodo_de_pagamento
Voces aceitam pagamento por cartão de crédito?,metodo_de_pagamento
Aceitam pagamento por cartão de débito?,metodo_de_pagamento
Quais formas de pagamento voces aceitam?,metodo_de_pagamento
Posso pagar com cartão?,metodo_de_pagamento
Aceitam pagamento com cartão?,metodo_de_pagamento
Posso pagar em dinheiro?,metodo_de_pagamento
Aceitam cartões de débito?,metodo_de_pagamento
Aceitam cartões de crédito?,metodo_de_pagamento
Aceitam pagamento por Pix?,metodo_de_pagamento
Voces oferecem desconto para pagamento em dinheiro?,metodo_de_pagamento
Existe desconto para pagamento em dinheiro?,metodo_de_pagamento
Posso pagar com cartão de crédito?,metodo_de_pagamento
Voces aceitam todos os cartões de crédito?,metodo_de_pagamento
Aceitam pagamento com cartão de crédito?,metodo_de_pagamento
Posso pagar com cartão de débito?,metodo_de_pagamento
Aceitam pagamento com cartão de débito?,metodo_de_pagamento
Voces aceitam Pix para pagamento?,metodo_de_pagamento
Aceitam Pix para pagar a consulta?,metodo_de_pagamento
Voces aceitam pagamento em dinheiro?,metodo_de_pagamento
Posso pagar em dinheiro?,metodo_de_pagamento
Voces aceitam cartão de crédito?,metodo_de_pagamento
Aceitam pagamento com cartão de crédito?,metodo_de_pagamento
Voces aceitam todos os cartões de débito?,metodo_de_pagamento
Posso pagar a consulta com cartão de débito?,metodo_de_pagamento
Voces aceitam todos os cartões de crédito?,metodo_de_pagamento
Aceitam pagamento em Pix?,metodo_de_pagamento
Voces aceitam todos os tipos de cartão?,metodo_de_pagamento
Posso pagar com cartão de débito?,metodo_de_pagamento
Aceitam pagamento em dinheiro?,metodo_de_pagamento
Posso pagar em dinheiro?,metodo_de_pagamento
Aceitam Pix?,metodo_de_pagamento
Aceitam pagamento por Pix?,metodo_de_pagamento
Voces aceitam cartão de crédito?,metodo_de_pagamento
Aceitam cartão de crédito?,metodo_de_pagamento
Posso pagar com cartão de crédito?,metodo_de_pagamento
Voces aceitam todos os cartões de crédito?,metodo_de_pagamento
Aceitam pagamento com cartão de débito?,metodo_de_pagamento
Voces aceitam todos os cartões de débito?,metodo_de_pagamento
Aceitam pagamento com Pix?,metodo_de_pagamento
Posso pagar com dinheiro?,metodo_de_pagamento
"Quais são as formas de pagamento disponiveis?""",metodo_de_pagamento
Voces aceitam cartão de crédito?,metodo_de_pagamento
Existe opção de parcelamento?,metodo_de_pagamento
Como faço para pagar com cartão de débito?,metodo_de_pagamento
Podem me informar os métodos de pagamento,metodo_de_pagamento
Quais opções de pagamento voces oferecem?,metodo_de_pagamento
posso usar Pix para fazer o pagamento?,metodo_de_pagamento
Posso dividir o pagamento em mais de uma forma,metodo_de_pagamento
Como funcionam os pagamentos para serviços,metodo_de_pagamento
Podem confirmar se meu método de pagamento foi aceito?,metodo_de_pagamento
voces aceitam cartao,metodo_de_pagamento
voces aceitam cartao de credito,metodo_de_pagamento
aceitam cartão,metodo_de_pagamento
aceitam pix,metodo_de_pagamento
voces aceitam pix,metodo_de_pagamento
pix,metodo_de_pagamento
cartao,metodo_de_pagamento
cartao de credito,metodo_de_pagamento
cartao de debito,metodo_de_pagamento
voces parcelam,metodo_de_pagamento
voces parcelam no cartao de credito,metodo_de_pagamento
em ate quantas vezes voces parcelam no cartao,metodo_de_pagamento
cartão de crédito,metodo_de_pagamento
cartão de débito,metodo_de_pagamento
cartão,metodo_de_pagamento
o pagamento e na hora?,metodo_de_pagamento
como e o pagamento,metodo_de_pagamento
pagamento,metodo_de_pagamento
Quais são os próximos dias disponíveis para agendamento?,perguntar_dias_livres
Que data tem disponível?,perguntar_dias_livres
Que dia tem disponível?,perguntar_dias_livres
Que dia tem agenda livre?,perguntar_dias_livres
Que dia tem horário livre?,perguntar_dias_livres
Qual a data mais próxima livre?,perguntar_dias_livres
Voce pode me mostrar as datas disponíveis?,perguntar_dias_livres
Voce pode me apresentar as datas disponíveis em breve?,perguntar_dias_livres
Voce poderia listar os dias disponíveis nas próximas semanas?,perguntar_dias_livres
Me informe sobre qualquer período livre que tenha nos próximos tempos.,perguntar_dias_livres
Quais são os próximos períodos livres que posso marcar uma consulta?,perguntar_dias_livres
Podem me dizer quais são as proximas datas disponíveis?,perguntar_dias_livres
Eu gostaria de ver as próximas oportunidades para agendar.,perguntar_dias_livres
Quando você tem vagas disponíveis para os próximos dias?,perguntar_dias_livres
"Estou procurando dias abertos para consulta nos próximos tempos, você pode ajudar?",perguntar_dias_livres
Pode checar quais são os próximos dias vazios?,perguntar_dias_livres
Quero saber quando são os próximos horários livres.,perguntar_dias_livres
Poderia me informar sobre os próximos espaços disponíveis?,perguntar_dias_livres
Quais são as próximas datas livres para fazer uma reserva?,perguntar_dias_livres
Quais são os próximos períodos livres disponíveis?,perguntar_dias_livres
Pode me informar quais dias estão abertos?,perguntar_dias_livres
Quero uma lista dos dias livres nas próximas semanas.,perguntar_dias_livres
Poderia me mostrar as próximas datas que estão livres para agendamento?,perguntar_dias_livres
Preciso saber quais dias ainda estão disponíveis.,perguntar_dias_livres
Existem vagas nos dias que se aproximam?,perguntar_dias_livres
Que datas estão livres para os proximos dias?,perguntar_dias_livres
Pode verificar quais são os próximos horários desocupados?,perguntar_dias_livres
Estou interessado em saber quais dias estão disponíveis para reserva no próximo mês.,perguntar_dias_livres
"Por favor, liste os dias que estão livres para consulta nos próximos dias.",perguntar_dias_livres
Você tem alguma informação sobre dias livres para a próxima semana?,perguntar_dias_livres
Me dê uma ideia dos próximos dias com horários livres.,perguntar_dias_livres
Vocês têm horários disponíveis para uma consulta nos próximos dias?,perguntar_dias_livres
quais horários estão disponíveis?,perguntar_dias_livres
Há algum horário disponível para consulta nesta semana?,perguntar_dias_livres
Gostaria de saber os horários livres para uma consulta nos próximos dias.,perguntar_dias_livres
Quais horários vocês têm livres para agendamento de consultas?,perguntar_dias_livres
Existe algum horário livre para uma consulta amanhã?,perguntar_dias_livres
Poderiam me informar os horários disponíveis para consultas médicas?,perguntar_dias_livres
Quais horários estão abertos para eu agendar uma consulta?,perguntar_dias_livres
quais horários vocês têm para consulta?,perguntar_dias_livres
Vocês poderiam verificar quais horários estão livres para consulta?,perguntar_dias_livres
Quando posso marcar uma consulta nos próximos dias?,perguntar_dias_livres
Quais horários estão disponíveis para a próxima semana?,perguntar_dias_livres
Qual o primeiro dia livre para agendamento?,perguntar_dias_livres
Tem algum horário disponível ainda nesta semana?,perguntar_dias_livres
Pode me dizer quando há um horário livre para consulta?,perguntar_dias_livres
Qual a primeira data aberta para marcar uma consulta?,perguntar_dias_livres
Quando posso agendar a consulta mais cedo possível?,perguntar_dias_livres
Pode verificar os dias disponíveis para agendamento?,perguntar_dias_livres
Qual é o próximo dia disponível para uma consulta médica?,perguntar_dias_livres
Gostaria de saber quando posso agendar uma consulta.,perguntar_dias_livres
Quais dias você tem disponíveis para consulta?,perguntar_dias_livres
Qual é a data mais próxima para agendar uma consulta?,perguntar_dias_livres
Quando posso marcar uma consulta no futuro próximo?,perguntar_dias_livres
Quais são os horários disponíveis nos próximos dias?,perguntar_dias_livres
Qual é o dia mais rápido para uma consulta disponível?,perguntar_dias_livres
Quais são as opções de datas disponíveis para consulta?,perguntar_dias_livres
Existe algum dia livre para agendamento esta semana?,perguntar_dias_livres
Você pode me mostrar os horários de consulta disponíveis?,perguntar_dias_livres
Posso saber quais são os dias livres para uma consulta?,perguntar_dias_livres
Quais datas você tem livres para agendar consulta?,perguntar_dias_livres
Tem algum horário de consulta para essa semana?,perguntar_dias_livres
Pode me informar sobre os próximos dias abertos para consulta?,perguntar_dias_livres
Preciso saber quais datas estão livres para agendamento.,perguntar_dias_livres
Quais dias da próxima semana estão disponíveis para consulta?,perguntar_dias_livres
Qual é o próximo horário disponível para marcar consulta?,perguntar_dias_livres
Quando há disponibilidade para marcar uma consulta médica?,perguntar_dias_livres
"Preciso agendar uma consulta, quais datas você tem livres?",perguntar_dias_livres
Quando posso marcar a consulta mais próxima possível?,perguntar_dias_livres
Você tem horários livres para os próximos dias?,perguntar_dias_livres
Quando é o próximo horário vago para uma consulta?,perguntar_dias_livres
Qual o primeiro dia livre para consulta médica?,perguntar_dias_livres
Pode listar os horários disponíveis para agendar uma consulta?,perguntar_dias_livres
Qual a primeira data livre para agendar uma consulta médica?,perguntar_dias_livres
Quais dias estão disponíveis para consulta na próxima semana?,perguntar_dias_livres
Pode me mostrar as datas livres para consulta?,perguntar_dias_livres
Existe alguma data disponível ainda este mês?,perguntar_dias_livres
Quais são os próximos horários livres para agendar consulta?,perguntar_dias_livres
Pode me informar sobre os dias abertos para consulta?,perguntar_dias_livres
Quando posso agendar a consulta mais cedo disponível?,perguntar_dias_livres
Tem alguma data livre para consulta nas próximas semanas?,perguntar_dias_livres
Quais horários posso escolher para marcar uma consulta?,perguntar_dias_livres
Qual é o horário de consulta disponível mais próximo?,perguntar_dias_livres
Preciso saber quando você tem horários livres para agendamento.,perguntar_dias_livres
Tem alguma vaga disponível para consulta nesta semana?,perguntar_dias_livres
Quais dias da semana você tem horários disponíveis para consulta?,perguntar_dias_livres
Quando você tem horários livres para consulta nas próximas semanas?,perguntar_dias_livres
Qual o dia mais próximo com horários livres para consulta?,perguntar_dias_livres
Pode me dizer quando posso agendar uma consulta médica?,perguntar_dias_livres
Qual é a data mais próxima disponível para consulta?,perguntar_dias_livres
Quando posso marcar a consulta mais breve possível?,perguntar_dias_livres
pode ser,concordancia
pode sim,concordancia
quero sim,concordancia
exatamente,concordancia
isso mesmo,concordancia
claro,concordancia
claro que sim,concordancia
com certeza,concordancia
quero sim,concordancia
desejo sim,concordancia
s,concordancia
ss,concordancia
sim,concordancia
isso,concordancia
sou sim,concordancia
sou,concordancia
Com certeza,concordancia
Claro que sim,concordancia
Absolutamente,concordancia
"Sim, por favor",concordancia
Concordo,concordancia
Claro,concordancia
sss,concordancia
Ótimo,concordancia
Óptimo,concordancia
Pode ser,concordancia
"Sim, pode",concordancia
Pode sim,concordancia
"Sim, claro",concordancia
Melhor ainda,concordancia
Concordo,concordancia
Claro,concordancia
Claro que sim,concordancia
Com certeza,concordancia
Claro,concordancia
Sim,concordancia
ja sim,concordancia
"Sim, gostaria de agendar.",concordancia
"Com certeza, quero agendar.",concordancia
"Sim, eu desejo agendar.",concordancia
"Claro, pode agendar pra mim.",concordancia
"Sim, quero marcar sim.",concordancia
"Sim, desejo agendar.",concordancia
"Sim, quero agendar a consulta.",concordancia
"Claro, pode agendar.",concordancia
"Sim, quero sim.",concordancia
"Sim, desejo marcar a consulta.",concordancia
"Com certeza, pode agendar.",concordancia
"Sim, já quero agendar.",concordancia
"Sim, desejo marcar.",concordancia
"Sim, por favor, agende.",concordancia
"Pode marcar, sim.",concordancia
"Sim, quero remarcar a consulta.",concordancia
"Sim, pode remarcar a data da consulta.",concordancia
"Com certeza, quero remarcar.",concordancia
"Sim, preciso remarcar a consulta.",concordancia
"Sim, pode remarcar, por favor.",concordancia
"Sim, quero sim remarcar.",concordancia
"Claro, pode remarcar a consulta.",concordancia
"Sim, desejo remarcar a consulta.",concordancia
"Sim, por favor, remarque para mim.",concordancia
"Sim, quero cancelar a consulta agendada.",concordancia
Pode cancelar minha consulta sim.,concordancia
"Sim, eu desejo cancelar.",concordancia
"Sim, cancele minha consulta, por favor.",concordancia
"Sim, desejo cancelar a consulta.",concordancia
"Sim, pode cancelar a consulta.",concordancia
"Sim, quero cancelar a consulta agendada.",concordancia
"Sim, já tenho cadastro com vocês.",concordancia
"Sim, estou cadastrado com vocês.",concordancia
"Sim, tenho cadastro.",concordancia
"Sim, já tenho cadastro sim.",concordancia
"Sim, eu já sou cadastrado.",concordancia
"Sim, sou cadastrado na plataforma.",concordancia
"Sim, já possuo cadastro com vocês.",concordancia
"Sim, já estou cadastrado.",concordancia
"Sim, já estou registrado com vocês.",concordancia
"Sim, podem checar, já tenho cadastro.",concordancia
"Sim, estou sim cadastrado.",concordancia
"Sim, quero marcar uma consulta.",concordancia
"Sim, desejo marcar uma consulta.",concordancia
"Sim, pode marcar a consulta.",concordancia
"Sim, desejo marcar agora.",concordancia
"Sim, quero marcar a consulta com vocês.",concordancia
"Sim, por favor, marque a consulta.",concordancia
"Sim, desejo marcar a consulta com vocês.",concordancia
"Sim, pode marcar uma consulta pra mim.",concordancia
marcar consulta,marcar_consulta
marcar uma consulta,marcar_consulta
como agendo uma consulta,marcar_consulta
como agendo um horario com voces,marcar_consulta
quero marcar uma consulta com voces,marcar_consulta
como faco para marcar uma consulta com voces,marcar_consulta
Queria agendar um horario,marcar_consulta
Como posso reservar um horário para consulta?,marcar_consulta
É possível marcar um atendimento?,marcar_consulta
Preciso marcar uma consulta.,marcar_consulta
Quero agendar uma consulta para hoje.,marcar_consulta
Como faço para reservar uma consulta?,marcar_consulta
Gostaria de marcar uma consulta.,marcar_consulta
Preciso de um agendamento para uma consulta,marcar_consulta
Como posso agendar uma consulta,marcar_consulta
Podem agendar uma consulta para mim,marcar_consulta
Como posso proceder para reservar uma consulta,marcar_consulta
Quero agendar uma consulta,marcar_consulta
Como faço para reservar um horário para uma consulta,marcar_consulta
É possível marcar um atendimento?,marcar_consulta
Eu gostaria de marcar uma consulta,marcar_consulta
Preciso de uma consulta,marcar_consulta
Como posso proceder para reservar uma consulta,marcar_consulta
Gostaria de agendar uma consulta médica.,marcar_consulta
Preciso marcar uma consulta.,marcar_consulta
Quero agendar uma consulta.,marcar_consulta
Qual é o procedimento para marcar uma consulta,marcar_consulta
É possível agendar uma consulta,marcar_consulta
Poderia me ajudar a agendar uma consulta médica?,marcar_consulta
Estou procurando marcar uma consulta.,marcar_consulta
Posso reservar um horário para consulta?,marcar_consulta
Gostaria de marcar uma consulta.,marcar_consulta
Quero agendar uma consulta,marcar_consulta
Estou interessado em marcar uma consulta.,marcar_consulta
Pode me orientar sobre como marcar uma consulta,marcar_consulta
Preciso de uma consulta,marcar_consulta
Gostaria de saber como agendar uma consulta,marcar_consulta
Posso marcar uma consulta com a médica,marcar_consulta
Podem agendar uma consulta para mim,marcar_consulta
Estou procurando agendar uma consulta,marcar_consulta
É possível agendar uma consulta,marcar_consulta
Como faço para reservar um horário para uma consulta médica,marcar_consulta
"Gostaria de marcar uma consulta, como devo proceder?",marcar_consulta
Como posso marcar uma consulta com a clínica?,marcar_consulta
Preciso de informações sobre como agendar uma consulta.,marcar_consulta
Como agendar uma consulta médica na clínica?,marcar_consulta
Gostaria de saber como posso marcar uma consulta.,marcar_consulta
Qual o processo para agendar uma consulta com vocês?,marcar_consulta
Posso agendar uma consulta para semana que vem?,marcar_consulta
Queria marcar uma consulta para amanhã.,marcar_consulta
Como faço para marcar um horário disponível?,marcar_consulta
Vocês podem agendar uma consulta pra mim?,marcar_consulta
Preciso agendar um horário para consulta.,marcar_consulta
Como posso marcar uma consulta com um médico?,marcar_consulta
Quero agendar um atendimento com vocês.,marcar_consulta
Gostaria de marcar um horário para consulta médica.,marcar_consulta
Como agendar um atendimento na clínica?,marcar_consulta
Pode me ajudar a agendar uma consulta?,marcar_consulta
Tem como agendar uma consulta?,marcar_consulta
Poderiam me informar como faço para agendar uma consulta?,marcar_consulta
Quero marcar uma consulta médica.,marcar_consulta
Como posso fazer para marcar um atendimento?,marcar_consulta
Qual o procedimento para marcar um horário de consulta?,marcar_consulta
"Preciso de uma consulta com o médico, como agendar?",marcar_consulta
Como proceder para marcar uma consulta?,marcar_consulta
Poderiam agendar uma consulta para mim?,marcar_consulta
Quero saber como posso marcar uma consulta médica.,marcar_consulta
Qual a melhor maneira de marcar uma consulta com vocês?,marcar_consulta
Como posso agendar uma consulta médica?,marcar_consulta
Tem algum horário disponível para marcar uma consulta?,marcar_consulta
Gostaria de marcar um atendimento na clínica.,marcar_consulta
"Preciso marcar uma consulta para hoje, como faço?",marcar_consulta
Quero reservar um horário para atendimento.,marcar_consulta
Como posso agendar uma consulta médica com urgência?,marcar_consulta
Podem me orientar sobre como marcar uma consulta?,marcar_consulta
Tem como marcar uma consulta com vocês?,marcar_consulta
Preciso agendar uma consulta urgente.,marcar_consulta
Quero saber como posso agendar uma consulta para a próxima semana.,marcar_consulta
Como posso reservar uma consulta na clínica?,marcar_consulta
Queria reservar um horário para uma consulta.,marcar_consulta
Como agendar um atendimento com vocês?,marcar_consulta
Preciso saber como marcar uma consulta médica.,marcar_consulta
Quero reservar um horário para a consulta médica.,marcar_consulta
Como posso garantir um horário para consulta?,marcar_consulta
Preciso agendar uma consulta o mais rápido possível.,marcar_consulta
Gostaria de reservar um atendimento.,marcar_consulta
Como faço para marcar uma consulta urgente?,marcar_consulta
Tem algum procedimento para marcar uma consulta médica?,marcar_consulta
Preciso marcar uma consulta para essa semana.,marcar_consulta
Vocês podem me informar como agendar uma consulta?,marcar_consulta
Como faço para reservar um horário na clínica?,marcar_consulta
Tem algum horário para eu marcar uma consulta?,marcar_consulta
Quero agendar um horário disponível para consulta.,marcar_consulta
Poderia detalhar quais servicos voces fornecem?,informacoes_sobre_servico
Gostaria de uma descrição dos servicos que voces disponibilizam.,informacoes_sobre_servico
Que servicos sua clínica oferece aos pacientes?,informacoes_sobre_servico
Quais são os servicos mais populares que voces oferecem?,informacoes_sobre_servico
"Estou curioso sobre os servicos, voce pode explicar?",informacoes_sobre_servico
Pode listar os servicos de saúde que voces disponibilizam?,informacoes_sobre_servico
Gostaria de saber mais sobre os servicos  que voces oferecem.,informacoes_sobre_servico
Poderia me fornecer uma visão geral dos seus servicos médicos?,informacoes_sobre_servico
Pode me explicar os diferentes tipos de consultas que voces oferecem?,informacoes_sobre_servico
Que tipos de serviços de saúde voces prestam?,informacoes_sobre_servico
Quais tratamentos específicos voces disponibilizam,informacoes_sobre_servico
Eu gostaria de saber mais sobre os programas de que voces conduzem.,informacoes_sobre_servico
Poderia listar todos os serviços médicos que voces oferecem?,informacoes_sobre_servico
Como funciona a clinica,informacoes_sobre_servico
Me fale mais sobre as especialidades da clínica.,informacoes_sobre_servico
Gostaria de uma descrição dos serviços que voces disponibilizam.,informacoes_sobre_servico
Quero saber quais são os procedimentos disponíveis.,informacoes_sobre_servico
Que serviços sua clínica oferece aos pacientes?,informacoes_sobre_servico
Quais são os serviços mais populares que voces oferecem?,informacoes_sobre_servico
"Estou curioso sobre os serviços, voce pode explicar?",informacoes_sobre_servico
Quais tratamentos voces oferecem para condições específicas?,informacoes_sobre_servico
Pode listar os serviços de saúde que voces disponibilizam?,informacoes_sobre_servico
Que tipo de consultas voces proporcionam?,informacoes_sobre_servico
Poderia me fornecer uma visão geral dos seus serviços médicos?,informacoes_sobre_servico
Estou interessado sobre os serviços que voces disponibilizam.,informacoes_sobre_servico
Estou interessado nos serviços terapeuticos disponíveis,informacoes_sobre_servico
Pode descrever as várias opções de serviço que sua clínica possui?,informacoes_sobre_servico
"Gostaria de conhecer os serviços que voces oferecem, como funcionam?",informacoes_sobre_servico
Pode me dar uma visão geral das consultas especializadas que voces tem?,informacoes_sobre_servico
Quais são as suas principais ofertas de serviços de saúde mental?,informacoes_sobre_servico
Quero informações detalhadas sobre os serviços de diagnóstico que voces tem.,informacoes_sobre_servico
Como funciona a clínica?,informacoes_sobre_servico
Que profissionais voces tem na clínica?,informacoes_sobre_servico
Que tipo de consulta tem na clínica?,informacoes_sobre_servico
Voces tem psicologo,informacoes_sobre_servico
Voces tem qual medico,informacoes_sobre_servico
Voces tem quais psicologos,informacoes_sobre_servico
Qual medico psiquiatra tem,informacoes_sobre_servico
Quais serviços médicos vocês oferecem na clínica?,informacoes_sobre_servico
Gostaria de saber quais tipos de serviços estão disponíveis.,informacoes_sobre_servico
Que tratamentos a clínica disponibiliza?,informacoes_sobre_servico
Quais são os serviços que a clínica oferece aos pacientes?,informacoes_sobre_servico
Vocês podem me dizer quais são os serviços de saúde disponíveis?,informacoes_sobre_servico
Quais especialidades médicas estão disponíveis na clínica?,informacoes_sobre_servico
O que a clínica oferece em termos de serviços médicos?,informacoes_sobre_servico
Quais são os principais serviços de saúde da clínica?,informacoes_sobre_servico
Quais tratamentos posso encontrar na clínica?,informacoes_sobre_servico
Gostaria de saber mais sobre os serviços da clínica.,informacoes_sobre_servico
Que tipo de atendimento vocês prestam na clínica?,informacoes_sobre_servico
Vocês oferecem serviços de saúde mental?,informacoes_sobre_servico
Quais são os serviços especializados oferecidos pela clínica?,informacoes_sobre_servico
Que serviços médicos estão à disposição dos pacientes?,informacoes_sobre_servico
Quais são os procedimentos médicos disponíveis na clínica?,informacoes_sobre_servico
Quais serviços são oferecidos para consultas médicas?,informacoes_sobre_servico
Posso saber quais tipos de consulta a clínica oferece?,informacoes_sobre_servico
Quais tratamentos e exames são oferecidos pela clínica?,informacoes_sobre_servico
Vocês têm algum serviço especializado em saúde feminina?,informacoes_sobre_servico
Que tipos de serviços clínicos estão disponíveis?,informacoes_sobre_servico
Quais tratamentos a clínica tem para oferecer?,informacoes_sobre_servico
Vocês podem me dar detalhes sobre os serviços prestados?,informacoes_sobre_servico
Quais especialidades médicas posso encontrar na clínica?,informacoes_sobre_servico
A clínica oferece serviços de fisioterapia?,informacoes_sobre_servico
Quais são os serviços mais procurados da clínica?,informacoes_sobre_servico
O que a clínica disponibiliza em termos de consultas?,informacoes_sobre_servico
Quais tipos de consultas médicas vocês fazem?,informacoes_sobre_servico
Vocês têm serviços de diagnóstico por imagem?,informacoes_sobre_servico
Quais são os serviços médicos mais comuns na clínica?,informacoes_sobre_servico
Gostaria de saber mais sobre os procedimentos médicos disponíveis.,informacoes_sobre_servico
Quais tratamentos para dor a clínica oferece?,informacoes_sobre_servico
A clínica oferece serviços de nutrição?,informacoes_sobre_servico
Vocês têm serviços de odontologia?,informacoes_sobre_servico
Quais são os serviços de apoio à saúde mental na clínica?,informacoes_sobre_servico
Vocês fazem exames laboratoriais na clínica?,informacoes_sobre_servico
Posso saber quais serviços clínicos vocês prestam?,informacoes_sobre_servico
Quais são os serviços médicos disponíveis para atendimento?,informacoes_sobre_servico
Vocês fazem exames de rotina na clínica?,informacoes_sobre_servico
Que tipos de especialidades médicas estão disponíveis para consultas?,informacoes_sobre_servico
Vocês oferecem consultas com especialistas em cardiologia?,informacoes_sobre_servico
A clínica tem serviços de pediatria?,informacoes_sobre_servico
Quais serviços vocês disponibilizam para pacientes em tratamento?,informacoes_sobre_servico
Quais tratamentos médicos são feitos na clínica?,informacoes_sobre_servico
Vocês oferecem algum serviço de emergência médica?,informacoes_sobre_servico
Quais são os procedimentos médicos oferecidos na clínica?,informacoes_sobre_servico
Quais serviços de prevenção e cuidados de saúde vocês oferecem?,informacoes_sobre_servico
A clínica oferece consultas com especialistas?,informacoes_sobre_servico
Vocês têm algum serviço especializado em ortopedia?,informacoes_sobre_servico
Quais exames podem ser realizados na clínica?,informacoes_sobre_servico
quanto ta a consulta com o psicologo,preco_consulta
quanto ta a consulta com o psiquiatra,preco_consulta
quanto ta a a consulta,preco_consulta
qual o preco da consulta,preco_consulta
Quanto custa uma consulta geral nesta clínica,preco_consulta
Pode me informar qual é o valor de uma consulta,preco_consulta
Qual é o custo para uma consulta com um especialista?,preco_consulta
Voce poderia me dizer quanto é cobrado por uma consulta?,preco_consulta
Gostaria de saber o preço de uma consulta?,preco_consulta
Qual é o valor cobrado para uma consulta?,preco_consulta
Pode me dizer qual o custo de uma consulta nesta clínica?,preco_consulta
Pode fornecer os preços para as consultas disponíveis?,preco_consulta
Quanto custa a consulta?,preco_consulta
Qual o valor da consulta?,preco_consulta
Quanto custa uma consulta nesta clínica?,preco_consulta
qual o custo de uma consulta nesta clínica?,preco_consulta
Qual é o valor?,preco_consulta
custo,preco_consulta
preco,preco_consulta
preço,preco_consulta
quanto custa,preco_consulta
qual e o valor,preco_consulta
valor,preco_consulta
e o valor,preco_consulta
e o preço,preco_consulta
Quanto custa o atendimento com um especialista?,preco_consulta
Qual é o preço para uma consulta de rotina?,preco_consulta
Vocês podem me informar o custo de uma consulta médica?,preco_consulta
Quanto está a consulta com o clínico geral?,preco_consulta
Qual é o valor de uma consulta com o pediatra?,preco_consulta
Quanto custa uma consulta de emergência?,preco_consulta
Vocês podem me dizer o valor das consultas na clínica?,preco_consulta
Qual é o preço de uma consulta especializada?,preco_consulta
Quanto custa um exame médico na clínica?,preco_consulta
Quanto sai uma consulta de acompanhamento?,preco_consulta
Qual é o valor cobrado para um exame de rotina?,preco_consulta
Quanto cobram pela consulta com o nutricionista?,preco_consulta
Qual é o preço para um checkup médico completo?,preco_consulta
Quanto custa a avaliação inicial com o cardiologista?,preco_consulta
Qual o valor de uma consulta para diagnóstico?,preco_consulta
Qual é o preço de uma consulta com o ginecologista?,preco_consulta
Quanto custa agendar uma consulta com o dermatologista?,preco_consulta
Qual é o custo de uma consulta para consulta de retorno?,preco_consulta
Quanto vocês cobram por um exame de sangue?,preco_consulta
Qual o valor de uma consulta com o neurologista?,preco_consulta
Qual é o preço de uma consulta com o ortopedista?,preco_consulta
Quanto custa um atendimento na clínica?,preco_consulta
Qual o valor cobrado por uma consulta na especialidade de endocrinologia?,preco_consulta
Vocês podem me dizer quanto custa uma consulta com o urologista?,preco_consulta
Quanto está a consulta para acompanhamento com o psiquiatra?,preco_consulta
Qual é o preço para uma consulta com o oftalmologista?,preco_consulta
Quanto custa a avaliação inicial com o fisioterapeuta?,preco_consulta
Qual é o valor de uma consulta para exames preventivos?,preco_consulta
Quanto custa a consulta com o cardiologista?,preco_consulta
Vocês poderiam informar o custo de uma consulta de rotina?,preco_consulta
Quanto está a consulta com o reumatologista?,preco_consulta
Qual é o preço cobrado por uma consulta de emergência?,preco_consulta
Qual o valor para uma consulta com o gastroenterologista?,preco_consulta
Quanto custa uma consulta de triagem na clínica?,preco_consulta
Qual é o preço de um exame laboratorial básico?,preco_consulta
Vocês podem me informar o valor da consulta com o psicólogo?,preco_consulta
Quanto custa o atendimento médico na clínica?,preco_consulta
Qual o preço para uma avaliação inicial com o oncologista?,preco_consulta
Qual o custo para realizar um exame de imagem?,preco_consulta
Quanto custa uma consulta de revisão com o pediatra?,preco_consulta
Qual é o preço para uma consulta de urgência?,preco_consulta
Vocês poderiam me dizer o valor cobrado por uma consulta com o neurologista?,preco_consulta
Quanto custa agendar uma consulta com o psicoterapeuta?,preco_consulta
Qual é o preço para uma consulta de rotina com o clínico geral?,preco_consulta
Qual é o valor de uma consulta na especialidade de geriatria?,preco_consulta
Quanto custa realizar um exame físico completo?,preco_consulta
Qual o valor de uma consulta de acompanhamento com o cardiologista?,preco_consulta
Vocês podem me dizer quanto custa uma consulta de emergência?,preco_consulta
Quanto sai uma consulta com o pneumologista?,preco_consulta
Quais planos de saúde são válidos nesta clínica?,verificar_plano_de_saude
Vocês aceitam todos os tipos de convênio médico?,verificar_plano_de_saude
Meu plano de saúde cobre consultas especializadas?,verificar_plano_de_saude
Quais são os planos que vocês aceitam para procedimentos?,verificar_plano_de_saude
Posso usar meu seguro de saúde para consultas de rotina aqui?,verificar_plano_de_saude
Vocês aceitam planos de saúde para exames?,verificar_plano_de_saude
O meu convênio médico é aceito para consultas de urgência?,verificar_plano_de_saude
Como faço para confirmar se meu plano de saúde é aceito?,verificar_plano_de_saude
Vocês têm parceria com quais operadoras de saúde?,verificar_plano_de_saude
Meu plano cobre consultas de especialidade médica?,verificar_plano_de_saude
Quais convênios médicos são aceitos para tratamentos específicos?,verificar_plano_de_saude
Como posso verificar se meu convênio cobre os serviços da clínica?,verificar_plano_de_saude
O plano de saúde que possuo cobre procedimentos médicos aqui?,verificar_plano_de_saude
Vocês aceitam convênios para consultas de emergência?,verificar_plano_de_saude
Meu plano cobre consultas e exames nesta clínica?,verificar_plano_de_saude
Vocês confirmam a cobertura do plano antes de realizar o atendimento?,verificar_plano_de_saude
Quais convênios aceitam para consultas com especialistas?,verificar_plano_de_saude
Posso usar meu convênio para consultas e procedimentos?,verificar_plano_de_saude
Vocês trabalham com o plano de saúde da Unimed?,verificar_plano_de_saude
O meu seguro cobre exames laboratoriais?,verificar_plano_de_saude
Vocês aceitam qualquer plano de saúde para consultas?,verificar_plano_de_saude
Como posso verificar se meu convênio cobre os exames que preciso?,verificar_plano_de_saude
Meu plano cobre consultas de retorno?,verificar_plano_de_saude
Quais operadoras de saúde vocês têm acordo?,verificar_plano_de_saude
Vocês aceitam convênios médicos para todos os tipos de consulta?,verificar_plano_de_saude
Posso utilizar meu plano de saúde para consultas com psicólogos?,verificar_plano_de_saude
Vocês aceitam planos de saúde para procedimentos cirúrgicos?,verificar_plano_de_saude
Como confirmar se meu seguro de saúde cobre consultas especializadas?,verificar_plano_de_saude
Quais seguros de saúde são aceitos para exames de imagem?,verificar_plano_de_saude
Meu plano de saúde é aceito para consultas de rotina?,verificar_plano_de_saude
Vocês têm acordo com planos de saúde internacionais?,verificar_plano_de_saude
Meu convênio médico cobre consultas com dermatologistas?,verificar_plano_de_saude
O seguro cobre o custo de consultas de urgência?,verificar_plano_de_saude
Vocês aceitam o convênio da Amil para consultas médicas?,verificar_plano_de_saude
Meu plano de saúde cobre procedimentos ambulatoriais aqui?,verificar_plano_de_saude
Posso usar meu seguro de saúde para marcar uma consulta de rotina?,verificar_plano_de_saude
Quais seguradoras são aceitas para tratamentos médicos?,verificar_plano_de_saude
Vocês aceitam planos de saúde para consultas com cardiologistas?,verificar_plano_de_saude
O meu plano cobre exames e consultas de rotina?,verificar_plano_de_saude
Como verificar se o plano cobre os serviços da clínica?,verificar_plano_de_saude
Vocês trabalham com todos os tipos de convênio médico?,verificar_plano_de_saude
Meu plano cobre atendimento de emergência?,verificar_plano_de_saude
Vocês aceitam planos de saúde para exames de laboratório?,verificar_plano_de_saude
Como posso saber se meu plano de saúde é aceito na clínica?,verificar_plano_de_saude
O seguro cobre os custos de consultas com pediatras?,verificar_plano_de_saude
Meu convênio cobre todos os procedimentos médicos nesta clínica?,verificar_plano_de_saude
Vocês aceitam convênios para consultas e exames?,verificar_plano_de_saude
Quais são os convênios aceitos para atendimento de urgência?,verificar_plano_de_saude
Posso utilizar meu plano de saúde para consultas psiquiátricas?,verificar_plano_de_saude
Voces aceitam o plano de saude?,verificar_plano_de_saude
Meu plano de saúde cobre consulta ?,verificar_plano_de_saude
Voces trabalham com o plano ?,verificar_plano_de_saude
Esse serviço é coberto pelo meu lano de saúde?,verificar_plano_de_saude
Quais planos de saúde são aceitos aí?,verificar_plano_de_saude
O plano que eu tenho é válido para consulta com voces?,verificar_plano_de_saude
Meu plano de saúde inclui esse tipo de tratamento?,verificar_plano_de_saude
Voces aceitam planos de saúde,verificar_plano_de_saude
Como posso verificar se meu plano é aceito?,verificar_plano_de_saude
Posso usar meu plano de saúde para todos os serviços?,verificar_plano_de_saude
Quais planos voces aceitam,verificar_plano_de_saude
Meu plano de saude,verificar_plano_de_saude
É necessário autorização do plano para consulta ?,verificar_plano_de_saude
Voces confirmam cobertura com o plano de saude,verificar_plano_de_saude
Meu plano cobre consulta de emergencia?,verificar_plano_de_saude
Quais seguros de saude voces aceitam?,verificar_plano_de_saude
Este tratamento pode ser coberto pelo meu seguro de saude?,verificar_plano_de_saude
convenio médico,verificar_plano_de_saude
Com quais convenios médicos voces tem parceria?,verificar_plano_de_saude
Posso usar meu plano de assistencia médica para serviços aqui?,verificar_plano_de_saude
Como faço para saber se voces aceitam meu plano de saude?,verificar_plano_de_saude
Meu seguro cobre consultas nessa clínica?,verificar_plano_de_saude
Voces tem acordo com planos de saude para procedimentos especiais?,verificar_plano_de_saude
É possível utilizar meu seguro de saude internacional nesta clínica?,verificar_plano_de_saude
Quais são os planos de saude aceitos ?,verificar_plano_de_saude
Meu plano de saude é compatível com os serviços que voces oferecem?,verificar_plano_de_saude
Voces confirmam o plano de saude antes de marcar uma consulta?,verificar_plano_de_saude
Como verificar se meu plano de saude está aceito por voces?,verificar_plano_de_saude
Meu seguro de saude cobre os custos de uma emergencia aqui?,verificar_plano_de_saude
Quais seguradoras são aceitas nesta clínica?,verificar_plano_de_saude
Posso consultar aqui com meu plano de saude atual?,verificar_plano_de_saude
plano de saude,verificar_plano_de_saude
convenio medico,verificar_plano_de_saude
qual convenio medico voces aceitam,verificar_plano_de_saude
qual plano de saude e aceito?,verificar_plano_de_saude
Como posso verificar se meu Plano é aceito?,verificar_plano_de_saude
Como posso provar se meu plano é aceito?,verificar_plano_de_saude
"Preciso de um atestado médico para o trabalho, como faço?",solicitar_atestado
Como posso solicitar um atestado médico para justificar minha ausência?,solicitar_atestado
Gostaria de pedir um atestado médico para a escola.,solicitar_atestado
Preciso de um atestado para justificar minha ausência no trabalho.,solicitar_atestado
Vocês podem me fornecer um atestado médico para a faculdade?,solicitar_atestado
Preciso de um atestado médico para minha ausência de ontem.,solicitar_atestado
Como consigo um atestado médico após a consulta?,solicitar_atestado
Quero um atestado médico para justificar minha ausência por motivo de saúde.,solicitar_atestado
Vocês emitem atestados médicos para consultas?,solicitar_atestado
"Preciso de um atestado médico urgente, como proceder?",solicitar_atestado
Como faço para solicitar um atestado de saúde?,solicitar_atestado
Preciso de um atestado médico para justificar minha ausência na reunião.,solicitar_atestado
Como posso obter um atestado médico após a consulta?,solicitar_atestado
Vocês emitem atestados médicos para justificar ausências?,solicitar_atestado
Preciso de um atestado para apresentar ao meu empregador.,solicitar_atestado
Gostaria de solicitar um atestado para minha ausência no trabalho.,solicitar_atestado
Preciso de um atestado para justificar uma ausência por doença.,solicitar_atestado
É possível solicitar um atestado médico online?,solicitar_atestado
Gostaria de um atestado médico para justificar minha falta no serviço.,solicitar_atestado
Posso pedir um atestado médico pela consulta de hoje?,solicitar_atestado
Preciso de um atestado médico para apresentar à minha empresa.,solicitar_atestado
Vocês podem emitir um atestado para justificar minha ausência escolar?,solicitar_atestado
Como posso solicitar um atestado médico para justificar minha falta no trabalho?,solicitar_atestado
Preciso de um atestado para justificar minha ausência de ontem.,solicitar_atestado
Posso obter um atestado médico após a consulta de hoje?,solicitar_atestado
Preciso de um atestado médico para justificar minha licença.,solicitar_atestado
Gostaria de um atestado para apresentar à minha escola.,solicitar_atestado
Como faço para solicitar um atestado médico para o trabalho?,solicitar_atestado
Vocês emitem atestados médicos após consultas?,solicitar_atestado
Preciso de um atestado para justificar minha falta na faculdade.,solicitar_atestado
Gostaria de solicitar um atestado médico para justificar minha ausência no emprego.,solicitar_atestado
Como posso obter um atestado médico após a consulta?,solicitar_atestado
Preciso de um atestado para apresentar à faculdade.,solicitar_atestado
Vocês emitem atestados médicos para justificar faltas?,solicitar_atestado
Preciso de um atestado médico para justificar minha ausência no trabalho.,solicitar_atestado
Gostaria de solicitar um atestado médico para justificar minha ausência escolar.,solicitar_atestado
Preciso de um atestado para justificar minha falta no trabalho.,solicitar_atestado
Como posso obter um atestado médico após minha consulta?,solicitar_atestado
Preciso de um atestado médico para justificar minha ausência na empresa.,solicitar_atestado
Vocês emitem atestados médicos para consultas?,solicitar_atestado
Preciso de um atestado médico para justificar minha falta na faculdade.,solicitar_atestado
Gostaria de solicitar um atestado médico para justificar minha ausência por motivo de saúde.,solicitar_atestado
Como faço para solicitar um atestado de saúde após minha consulta?,solicitar_atestado
Vocês emitem atestados médicos para justificar faltas no trabalho?,solicitar_atestado
Preciso de um atestado médico para justificar minha ausência por motivo de saúde.,solicitar_atestado
Gostaria de solicitar um atestado médico para justificar minha falta na faculdade.,solicitar_atestado
Como posso obter um atestado médico para justificar minha ausência no serviço?,solicitar_atestado
Preciso de um atestado para apresentar à minha empresa devido à minha ausência.,solicitar_atestado
Vocês podem fornecer um atestado médico para justificar minha falta no trabalho?,solicitar_atestado
Como posso solicitar um atestado médico para justificar minha ausência na escola?,solicitar_atestado
Preciso de um atestado para justificar minha ausência no trabalho por motivo de doença.,solicitar_atestado
Gostaria de um atestado médico para apresentar à empresa.,solicitar_atestado
Preciso de um atestado médico para justificar minha ausência por motivos de saúde.,solicitar_atestado
Como posso solicitar um atestado médico após a consulta de hoje?,solicitar_atestado
Vocês fornecem atestados médicos para justificar ausências no trabalho?,solicitar_atestado
Gostaria de solicitar um atestado médico para apresentar ao meu empregador.,solicitar_atestado
Preciso de um atestado médico para justificar minha ausência na escola.,solicitar_atestado
Como faço para solicitar um atestado médico para o trabalho?,solicitar_atestado
Preciso de um atestado médico para justificar minha ausência por doença.,solicitar_atestado
Gostaria de pedir um atestado médico após a consulta de hoje.,solicitar_atestado
Preciso de um atestado médico para justificar minha falta no trabalho por motivos de saúde.,solicitar_atestado
Como posso obter um atestado médico para justificar minha ausência no trabalho?,solicitar_atestado
Vocês podem fornecer um atestado médico para justificar minha ausência por motivo de saúde?,solicitar_atestado
Preciso de um atestado médico para apresentar à minha escola.,solicitar_atestado
Gostaria de solicitar um atestado médico para justificar minha ausência no emprego.,solicitar_atestado
Preciso de um atestado médico para justificar minha ausência de ontem.,solicitar_atestado
Vocês emitem atestados médicos para consultas realizadas na clínica?,solicitar_atestado
Gostaria de um atestado médico para justificar minha ausência por motivo de saúde.,solicitar_atestado
Como posso solicitar um atestado médico após a consulta de hoje?,solicitar_atestado
Preciso de um atestado para apresentar à minha empresa para justificar minha ausência.,solicitar_atestado
Como posso obter um atestado médico para justificar minha ausência por motivos de saúde?,solicitar_atestado
Vocês emitem atestados médicos para justificar faltas no serviço?,solicitar_atestado
Preciso de um atestado médico para justificar minha falta por motivo de saúde.,solicitar_atestado
Gostaria de solicitar um atestado médico para justificar minha ausência no trabalho.,solicitar_atestado
Como posso obter um atestado médico após minha consulta?,solicitar_atestado
Vocês fornecem atestados médicos para justificar ausências por doença?,solicitar_atestado
Preciso de um atestado médico para apresentar ao meu empregador por motivo de doença.,solicitar_atestado
Gostaria de solicitar um atestado médico para justificar minha ausência na escola.,solicitar_atestado
Como posso solicitar um atestado médico para justificar minha falta no trabalho?,solicitar_atestado
Preciso de um atestado médico para justificar minha ausência na faculdade.,solicitar_atestado
Vocês emitem atestados médicos para justificar faltas por doença?,solicitar_atestado
Gostaria de um atestado médico para justificar minha ausência no serviço.,solicitar_atestado
Preciso de um atestado médico para justificar minha ausência no trabalho por motivos de saúde.,solicitar_atestado
Como posso solicitar um atestado médico após a consulta de hoje?,solicitar_atestado
Vocês fornecem atestados médicos para consultas feitas na clínica?,solicitar_atestado
Preciso de um atestado médico para justificar minha ausência de ontem.,solicitar_atestado
Gostaria de solicitar um atestado médico para apresentar à minha empresa.,solicitar_atestado
Preciso de um atestado médico para justificar minha ausência no trabalho devido à doença.,solicitar_atestado
Vocês fornecem atestados médicos para justificar ausências escolares?,solicitar_atestado
"Preciso de um atestado médico para o trabalho, como faço?",solicitar_atestado
Gostaria de solicitar um atestado para justificar minha ausencia na faculdade.,solicitar_atestado
Como posso conseguir um atestado médico para a escola?,solicitar_atestado
É possível obter um atestado para faltar ao serviço por motivo de saúde?,solicitar_atestado
"Preciso de um atestado para minha ausencia de ontem, voce pode me ajudar?",solicitar_atestado
Como faço para solicitar um atestado médico?,solicitar_atestado
Gostaria de um atestado para justificar a minha falta no trabalho devido a doença.,solicitar_atestado
"Quero um atestado médico para apresentar na universidade, o que preciso fazer?",solicitar_atestado
"Preciso de um atestado que cubra minha licença médica, como proceder?",solicitar_atestado
Voce pode emitir um atestado de saúde para mim?,solicitar_atestado
Como solicitar um atestado médico após a  consulta ?,solicitar_atestado
Quero um atestado para justificar minha ausencia na reunião devido a  consulta  médica.,solicitar_atestado
"Preciso de documentação médica para justificar meu afastamento, como obter?",solicitar_atestado
"Gostaria de um atestado por motivo de saúde, como eu faço?",solicitar_atestado
É possível receber um atestado médico hoje?,solicitar_atestado
Minha receita acabou. Como faço para solicitar uma nova receita?,solicitar_receita
Preciso renovar minha receita para medicação contínua.,solicitar_receita
Como posso conseguir uma nova receita médica?,solicitar_receita
"Necessito de uma renovação da minha receita, voce pode me ajudar?",solicitar_receita
Gostaria de solicitar uma receita para meu medicamento.,solicitar_receita
"Minha receita venceu, como faço para renovar?",solicitar_receita
É possível obter uma receita nova hoje?,solicitar_receita
"Preciso de uma receita urgente, como proceder?",solicitar_receita
Como renovar uma receita de uso contínuo?,solicitar_receita
"Meu medicamento acabou, preciso de uma nova receita.",solicitar_receita
Como faço para solicitar uma receita pela primeira vez?,solicitar_receita
"Preciso de uma receita atualizada, voce pode emitir uma?",solicitar_receita
Posso renovar minha receita online?,solicitar_receita
Gostaria de uma receita para um novo tratamento.,solicitar_receita
Quero uma receita para continuar meu tratamento atual.,solicitar_receita
Preciso de uma nova receita para o meu medicamento.,solicitar_receita
Como posso solicitar a receita para meu tratamento contínuo?,solicitar_receita
Gostaria de pedir uma receita médica.,solicitar_receita
"Minha receita expirou, preciso de uma nova.",solicitar_receita
Como faço para renovar minha receita médica?,solicitar_receita
Vocês podem emitir uma receita para mim?,solicitar_receita
Preciso de uma receita para o meu medicamento de uso contínuo.,solicitar_receita
Posso pedir uma receita médica pela consulta de hoje?,solicitar_receita
Gostaria de renovar minha receita.,solicitar_receita
Preciso de uma receita para o tratamento que estou fazendo.,solicitar_receita
Como consigo uma receita nova para meu remédio?,solicitar_receita
"Minha receita médica venceu, como posso renovála?",solicitar_receita
Vocês podem me fornecer uma receita para o medicamento que tomo?,solicitar_receita
Preciso de uma nova receita para continuar meu tratamento.,solicitar_receita
Gostaria de solicitar uma receita para meu medicamento.,solicitar_receita
"Minha receita médica expirou, como faço para obter outra?",solicitar_receita
Posso solicitar uma receita para meu remédio?,solicitar_receita
Preciso de uma receita para o meu tratamento.,solicitar_receita
Como faço para pedir uma nova receita para meu remédio?,solicitar_receita
"Minha receita venceu, preciso de outra.",solicitar_receita
Gostaria de obter uma receita médica para meu medicamento de uso contínuo.,solicitar_receita
"Preciso de uma receita nova, como proceder?",solicitar_receita
Posso pedir uma receita médica para meu medicamento atual?,solicitar_receita
Gostaria de solicitar a receita do meu tratamento.,solicitar_receita
Preciso de uma receita nova para continuar meu tratamento médico.,solicitar_receita
Como consigo uma receita médica para meu medicamento de uso contínuo?,solicitar_receita
"Preciso renovar minha receita, como faço?",solicitar_receita
"Minha receita está vencida, posso solicitar uma nova?",solicitar_receita
Gostaria de pedir uma nova receita para meu tratamento contínuo.,solicitar_receita
Preciso de uma receita para o medicamento que uso regularmente.,solicitar_receita
Como posso obter uma nova receita médica?,solicitar_receita
Preciso de uma receita para meu tratamento médico.,solicitar_receita
Vocês podem emitir uma receita médica para o meu medicamento?,solicitar_receita
Gostaria de pedir uma receita para meu tratamento.,solicitar_receita
"Minha receita está vencida, preciso de uma nova.",solicitar_receita
Como posso solicitar uma receita para o meu medicamento de uso contínuo?,solicitar_receita
Gostaria de renovar minha receita médica.,solicitar_receita
"Preciso de uma receita médica urgente, como posso solicitar?",solicitar_receita
"Minha receita médica expirou, posso pedir uma nova?",solicitar_receita
"Preciso de uma receita para o meu remédio, como faço para pedir?",solicitar_receita
Como posso pedir uma nova receita médica?,solicitar_receita
"Preciso de uma nova receita para meu tratamento, vocês podem me ajudar?",solicitar_receita
Posso renovar minha receita médica?,solicitar_receita
Preciso de uma receita para o medicamento que estou usando.,solicitar_receita
Gostaria de solicitar uma nova receita para meu medicamento.,solicitar_receita
"Minha receita venceu, posso pedir outra?",solicitar_receita
Preciso de uma receita nova para meu remédio de uso contínuo.,solicitar_receita
Como faço para solicitar uma receita médica?,solicitar_receita
Gostaria de pedir uma receita para o medicamento que tomo.,solicitar_receita
Preciso de uma receita médica para meu tratamento.,solicitar_receita
"Minha receita venceu, preciso renovar.",solicitar_receita
Como posso renovar minha receita médica para o meu remédio?,solicitar_receita
Preciso de uma receita médica para continuar meu tratamento.,solicitar_receita
Gostaria de obter uma receita médica nova.,solicitar_receita
"Minha receita venceu, como posso solicitar uma nova?",solicitar_receita
"Preciso de uma receita para o medicamento que uso, como faço para pedir?",solicitar_receita
Gostaria de solicitar a renovação da minha receita médica.,solicitar_receita
Como consigo uma nova receita para meu medicamento?,solicitar_receita
"Minha receita está vencida, preciso de uma nova.",solicitar_receita
Gostaria de pedir uma receita médica nova.,solicitar_receita
Preciso de uma receita para o meu medicamento de uso contínuo.,solicitar_receita
Como posso renovar minha receita médica?,solicitar_receita
Preciso de uma receita nova para meu tratamento contínuo.,solicitar_receita
Posso pedir uma receita médica para o meu remédio?,solicitar_receita
"Preciso de uma receita médica urgente, como posso conseguir?",solicitar_receita
"Minha receita expirou, como faço para renovar?",solicitar_receita
Gostaria de pedir uma receita para continuar meu tratamento.,solicitar_receita
Como faço para solicitar uma receita médica nova?,solicitar_receita
Preciso de uma nova receita médica para meu medicamento.,solicitar_receita
"Minha receita médica venceu, posso solicitar uma nova?",solicitar_receita
Preciso de uma receita para meu remédio de uso contínuo.,solicitar_receita
Gostaria de solicitar a renovação da minha receita.,solicitar_receita
Como faço para renovar minha receita médica?,solicitar_receita
Preciso de uma nova receita para meu medicamento.,solicitar_receita
Gostaria de pedir uma receita médica para meu tratamento.,solicitar_receita
"Minha receita venceu, preciso de uma nova para continuar meu tratamento.",solicitar_receita
"Preciso de uma receita para o medicamento que tomo, como posso pedir?",solicitar_receita
Como posso obter uma receita nova para meu medicamento?,solicitar_receita
"Preciso renovar minha receita médica, como faço?",solicitar_receita
"Minha receita está vencida, posso pedir uma nova?",solicitar_receita
Gostaria de obter uma receita médica para continuar meu tratamento.,solicitar_receita
Preciso de uma receita nova para o meu remédio.,solicitar_receita
Como faço para pedir uma receita médica para meu tratamento contínuo?,solicitar_receita
"Preciso de uma receita nova para continuar meu tratamento, como solicito?",solicitar_receita
"Minha receita venceu, posso pedir outra para meu medicamento?",solicitar_receita
Gostaria de solicitar uma receita médica para o meu remédio.,solicitar_receita
Preciso de uma receita médica para o tratamento que estou fazendo.,solicitar_receita
"Minha receita venceu, preciso de uma nova para o meu remédio.",solicitar_receita
Onde fica a clínica?,saber_local_de_atendimento
Qual o endereço da clínica?,saber_local_de_atendimento
Como faço para chegar na clínica?,saber_local_de_atendimento
Qual o local da clínica?,saber_local_de_atendimento
Onde está localizada a clínica?,saber_local_de_atendimento
Qual é o endereço para a consulta?,saber_local_de_atendimento
A clínica fica onde?,saber_local_de_atendimento
Você pode me passar o endereço da clínica?,saber_local_de_atendimento
Qual o endereço completo da clínica?,saber_local_de_atendimento
Onde devo ir para a consulta?,saber_local_de_atendimento
Pode me informar o endereço da clínica?,saber_local_de_atendimento
Onde fica a clínica para minha consulta?,saber_local_de_atendimento
Qual o endereço da clínica para minha consulta?,saber_local_de_atendimento
Como faço para chegar à clínica?,saber_local_de_atendimento
Preciso saber onde fica a clínica.,saber_local_de_atendimento
Onde está localizada a clínica para meu atendimento?,saber_local_de_atendimento
Qual o endereço da clínica onde farei a consulta?,saber_local_de_atendimento
Como posso encontrar o local da clínica?,saber_local_de_atendimento
Onde é o local da clínica?,saber_local_de_atendimento
Você pode me informar o endereço da clínica?,saber_local_de_atendimento
Onde fica o consultório para a minha consulta?,saber_local_de_atendimento
Qual o endereço do consultório onde farei a consulta?,saber_local_de_atendimento
Como faço para ir até a clínica?,saber_local_de_atendimento
Onde está a clínica localizada?,saber_local_de_atendimento
Pode me passar a localização da clínica?,saber_local_de_atendimento
Onde devo ir para o atendimento?,saber_local_de_atendimento
Preciso saber o endereço da clínica.,saber_local_de_atendimento
Qual a localização da clínica?,saber_local_de_atendimento
Onde posso encontrar a clínica para minha consulta?,saber_local_de_atendimento
Como posso chegar à clínica para minha consulta?,saber_local_de_atendimento
Qual o endereço da clínica onde estou agendado?,saber_local_de_atendimento
Onde fica a clínica onde vou ser atendido?,saber_local_de_atendimento
Pode me dar o endereço completo da clínica?,saber_local_de_atendimento
Onde devo comparecer para minha consulta?,saber_local_de_atendimento
Qual o local exato da clínica?,saber_local_de_atendimento
Você pode me dizer onde fica a clínica?,saber_local_de_atendimento
Como posso localizar a clínica?,saber_local_de_atendimento
Qual a localização exata da clínica?,saber_local_de_atendimento
Onde fica o consultório da clínica?,saber_local_de_atendimento
Pode me enviar o endereço da clínica?,saber_local_de_atendimento
Preciso do endereço da clínica para a consulta.,saber_local_de_atendimento
Onde está localizada a clínica onde marquei a consulta?,saber_local_de_atendimento
Onde devo ir para a consulta na clínica?,saber_local_de_atendimento
Pode me confirmar o endereço da clínica?,saber_local_de_atendimento
Onde fica o consultório para a consulta de amanhã?,saber_local_de_atendimento
Como posso chegar ao consultório da clínica?,saber_local_de_atendimento
Você pode me passar a localização da clínica?,saber_local_de_atendimento
Qual o endereço onde a clínica está situada?,saber_local_de_atendimento
Preciso do endereço da clínica para minha consulta marcada.,saber_local_de_atendimento
Em qual local será realizada a consulta?,saber_local_de_atendimento
Preciso do endereço para a consulta de amanhã.,saber_local_de_atendimento
A consulta será em qual clínica?,saber_local_de_atendimento
Você pode me informar o local do atendimento?,saber_local_de_atendimento
Onde fica o consultório para minha consulta?,saber_local_de_atendimento
Qual é o endereço da consulta marcada para hoje?,saber_local_de_atendimento
Como posso chegar ao local de atendimento?,saber_local_de_atendimento
Preciso do endereço exato da clínica.,saber_local_de_atendimento
Gostaria de saber o endereço do hospital onde ocorrerá minha consulta.,saber_local_de_atendimento
Para qual local devo me dirigir para procedimentos?,saber_local_de_atendimento
Qual é o endereço para a consulta?,saber_local_de_atendimento
Devo ir a qual endereço para a consulta com o especialista?,saber_local_de_atendimento
Pode confirmar o endereço do atendimento agendado para amanhã?,saber_local_de_atendimento
Qual é o endereço da clínica para minha consulta de amanhã?,saber_local_de_atendimento
A consulta será realizada em qual local?,saber_local_de_atendimento
Qual é o centro de atendimento?,saber_local_de_atendimento
Preciso saber o endereço exato.,saber_local_de_atendimento
Qual é o consultório onde estou agendado?,saber_local_de_atendimento
Gostaria de saber o endereço do hospital para minha consulta.,saber_local_de_atendimento
Você pode me enviar a localização do consultório?,saber_local_de_atendimento
Para onde devo ir para a consulta marcada?,saber_local_de_atendimento
Pode me confirmar o local da minha consulta agendada para amanhã?,saber_local_de_atendimento
Qual é o endereço da clínica?,saber_local_de_atendimento
Em que clínica será realizada a consulta?,saber_local_de_atendimento
Preciso saber o endereço da clínica para minha consulta.,saber_local_de_atendimento
Onde posso encontrar o consultório para minha consulta?,saber_local_de_atendimento
Você pode me dizer o endereço da clínica?,saber_local_de_atendimento
Preciso saber onde fica o consultório.,saber_local_de_atendimento
Qual é o endereço do hospital para minha consulta?,saber_local_de_atendimento
A consulta de amanhã será realizada em qual local?,saber_local_de_atendimento
Como posso chegar ao endereço da minha consulta?,saber_local_de_atendimento
Onde fica o local de atendimento?,saber_local_de_atendimento
Qual é o endereço da clínica onde tenho consulta amanhã?,saber_local_de_atendimento
Em que local ocorrerá o atendimento?,saber_local_de_atendimento
Qual é o consultório onde será a consulta?,saber_local_de_atendimento
Preciso saber o local exato da minha consulta amanhã.,saber_local_de_atendimento
A consulta de amanhã será em qual endereço?,saber_local_de_atendimento
Para onde devo me dirigir para o atendimento de amanhã?,saber_local_de_atendimento
Preciso confirmar o endereço do local de atendimento.,saber_local_de_atendimento
Como posso descobrir o endereço da clínica?,saber_local_de_atendimento
Qual é o endereço do consultório?,saber_local_de_atendimento
Para onde devo ir para o atendimento?,saber_local_de_atendimento
Como posso chegar ao local da consulta?,saber_local_de_atendimento
Onde fica o consultório da consulta de amanhã?,saber_local_de_atendimento
Em qual local será realizada a consulta de amanhã?,saber_local_de_atendimento
Qual é o endereço exato da consulta?,saber_local_de_atendimento
Onde será o atendimento amanhã?,saber_local_de_atendimento
"Não, obrigado.",negacao
"Não, não quero agendar.",negacao
"Não, por enquanto está tudo bem.",negacao
"Não, não preciso marcar agora.",negacao
"Não, não desejo remarcar a consulta.",negacao
"Não, não preciso cancelar a consulta.",negacao
"Não, já está tudo certo, obrigado.",negacao
"Não, não tenho interesse em agendar.",negacao
Não quero remarcar.,negacao
"Não preciso cancelar, obrigado.",negacao
Não desejo agendar no momento.,negacao
"Não, não tenho cadastro ainda.",negacao
"Não, prefiro não marcar agora.",negacao
"Não, não quero cancelar a consulta.",negacao
Não quero marcar uma consulta agora.,negacao
"Não, obrigado, vou deixar para depois.",negacao
"Não, não preciso agendar.",negacao
Não quero remarcar a consulta.,negacao
"Não, já resolvi, obrigado.",negacao
"Não, não quero cancelar.",negacao
"Não, está tudo certo com a consulta.",negacao
"Não desejo marcar uma consulta, obrigado.",negacao
"Não, não tenho interesse em cancelar.",negacao
"Não, obrigado, não tenho cadastro ainda.",negacao
Não preciso marcar agora.,negacao
"Não, prefiro não cancelar.",negacao
"Não, obrigado, não preciso remarcar.",negacao
"Não, já tenho tudo organizado.",negacao
Não quero fazer nada disso agora.,negacao
"Nao, estou bem com o que já está agendado.",negacao
Nao desejo cancelar a consulta.,negacao
"Nao, não quero marcar nenhuma consulta no momento.",negacao
"Nao, obrigado, já estou cadastrado.",negacao
"Nao, não tenho intenção de cancelar.",negacao
Nao preciso agendar uma nova consulta.,negacao
"Nao, vou manter a data da consulta.",negacao
"Nao, obrigado, vou deixar como está.",negacao
"Nao tenho cadastro ainda, obrigado.",negacao
"Nao, não quero remarcar a data da consulta.",negacao
"Nao preciso remarcar, obrigado.",negacao
"Nao, não preciso de ajuda com isso agora.",negacao
Nao quero agendar uma consulta no momento.,negacao
"Nao, prefiro não mexer no agendamento.",negacao
"Nao, obrigado, está tudo certo.",negacao
"Nao, não quero fazer alterações.",negacao
Nao desejo marcar uma consulta agora.,negacao
Nao preciso fazer isso agora.,negacao
"Nao, obrigado, vou pensar mais um pouco.",negacao
"Nao, já estou organizado com a consulta.",negacao
nao obrigado,negacao
nao somente isso obrigado,negacao
somente isso obrigado,negacao
Não somente isso obrigado,negacao
Não,negacao
De maneira nenhuma,negacao
Acho que não,negacao
somente isso,negacao
"nao, somente isso",negacao
"não, so isso",negacao
"não, somentet isso mesmo",negacao
Nem pensar,negacao
Não é possível,negacao
Definitivamente não,negacao
"Não, obrigado",negacao
Absolutamente não,negacao
De jeito nenhum,negacao
Jamais,negacao
nao,negacao
n,negacao
naum,negacao
nn,negacao
Nem pensar,negacao
Não é possível,negacao
Definitivamente não,negacao
"Não, obrigado",negacao
Absolutamente não,negacao
Jamais,negacao
Não concordo,negacao
"Não, de forma alguma",negacao
não,negacao
nao sou,negacao
